{
    "f1_score": 0.9826057727438803,
    "recall": 0.9826086956521739,
    "precision": 0.9828672023955739
}
