{
    "f1_score": 0.8321678321678322,
    "recall": 0.8333333333333334,
    "precision": 0.8428571428571429
}
