{
    "f1_score": 0.9788638055073182,
    "recall": 0.9788732394366197,
    "precision": 0.9797297297297297
}
